{
"sc_cluster_s":
{
	"inputs":
	[
		{"name":"s","kind":"required","type":[["numeric","size=:,3"],["numeric","size=3,:"]]},
		{"name":"k","kind":"required","type":["numeric","choices=[3,6,9]"]},
		{"name":"type", "kind":"namevalue","type":["char", "choices={'kmeans','kmedoids','dbscan','spectclust'}"]},
        {"name":"plotit", "kind":"namevalue", "type":["logical","scalar"]}
	]
},
"sc_impute":
{
	"inputs":
	[
		{"name":"X", "kind":"required", "type":"numeric"},
		{"name":"type", "kind":"namevalue","type":["char", "choices={'MAGIC','McImpute','SAVER'}"]}
	]
},
"sc_readfile":
{
	"inputs":
	[
		{"name":"filename", "kind":"required", "type":[["file=*.txt,*.csv,*.tsv,*.tab,*.mtx,*.h5"], ["char"]]},
		{"name":"type", "kind":"namevalue","type":["char", "choices={'tsv','mtx','h5'}"]}
	]
},
"sc_readtsvfile":
{
	"inputs":
	[
		{"name":"filename", "kind":"required", "type":[["file=*.tsv,*.csv,*.tab,*.txt"], ["char"]]}
	]
},
"sc_readmtxfile":
{
	"inputs":
	[
	{"name":"mtxfilename", "kind":"required", "type":[["file=*.mtx"], ["char"]]},
	{"name":"genfilename", "kind":"required", "type":[["file=*.txt,*.csv"], ["char"]]}
	]
},
"sc_readh5file":
{
	"inputs":
	[
	{"name":"h5filename", "kind":"required", "type":[["file=*.h5"], ["char"]]}	
	]
},
"sc_mmread":
{
	"inputs":
	[
	{"name":"mtxfilename", "kind":"required", "type":[["file=*.mtx"], ["char"]]},
	{"name":"genfilename", "kind":"required", "type":[["file=*.txt,*.csv"], ["char"]]}
	]
},
"sc_splinefit":
{
	"inputs":
	[
		{"name":"X", "kind":"required", "type":"numeric"},
        {"name":"genelist", "kind":"positional", "type":["string","vector"]},
        {"name":"sortit", "kind":"positional", "type":["logical","scalar"]}
	]
},
"sc_mergesces":
{
	"inputs":
	[
		{"name":"sces", "kind":"required", "type":"cell"},
        {"name":"method", "kind":"positional", "type":["string","char"]}        
	]
},
"sc_splinefit2":
{
	"inputs":
	[
		{"name":"X", "kind":"required", "type":"numeric"},
        {"name":"Y", "kind":"required", "type":"numeric"},
        {"name":"genelistx", "kind":"required", "type":["string","vector"]},
        {"name":"genelisty", "kind":"positional", "type":["string","vector"]},
        {"name":"sortit", "kind":"positional", "type":["logical","scalar"]}
	]
},
"sc_scatter3":
{
	"inputs":
	[
		{"name":"X", "kind":"required", "type":"numeric"},
        {"name":"genelist", "kind":"required", "type":["string","vector"]},
        {"name":"dofit", "kind":"positional", "type":["logical","scalar"]},
        {"name":"showdata", "kind":"positional", "type":["logical","scalar"]}
	]
},
"sc_selectg":
{
	"inputs":
	[
		{"name":"X", "kind":"required", "type":"numeric"},
        {"name":"genelist", "kind":"required", "type":["string","vector"]}
	]
},
"sc_hvg":
{
	"inputs":
	[
        {"name":"X", "kind":"required", "type":["numeric"]},
        {"name":"genelist", "kind":"required", "type":["string","vector"]},
        {"name":"sortit", "kind":"positional", "type":["logical","scalar"],"purpose":"sortit"},
        {"name":"plotit", "kind":"positional", "type":["logical","scalar"],"purpose":"plotit"},
        {"name":"normit", "kind":"positional", "type":["logical","scalar"],"purpose":"normit"},
        {"name":"ignorehigh", "kind":"positional", "type":["logical","scalar"],"purpose":"ignorehigh"}        
	]
},
"sc_norm":
{
	"inputs":
	[		
        {"name":"X", "kind":"required", "type":"numeric"},
        {"name":"type", "kind":"namevalue","type":["char", "choices={'libsize','deseq'}"]}
	]
},
"sc_transform":
{
	"inputs":
	[		
        {"name":"X", "kind":"required", "type":"numeric"},
        {"name":"type", "kind":"namevalue","type":["char", "choices={'PearsonResiduals','kNNSmoothing','SCTransform','FreemanTukey','SCT'}"]}
	]
},
"sc_transform":
{
	"inputs":
	[		
        {"name":"X", "kind":"required", "type":"numeric"},
        {"name":"type", "kind":"namevalue","type":["char", "choices={'PearsonResiduals','kNNSmoothing','FreemanTukey'}"]}
	]
},
"run.SoptSC":
{
	"inputs":
	[		
        {"name":"X", "kind":"required", "type":[["double"], ["single"]]},
        {"name":"k", "kind":"namevalue", "type":["numeric"],"purpose":"number of clusters"},
        {"name":"donorm", "kind":"namevalue", "type":["logical", "scalar"]}
	]
},
"sc_stat":
{
	"inputs":
	[		
        {"name":"X", "kind":"required", "type":"numeric"},
        {"name":"genelist", "kind":"required", "type":["string","vector"]},
        {"name":"sortit", "kind":"positional", "type":["logical","scalar"]},
        {"name":"removeinf", "kind":"positional", "type":["logical","scalar"]}
	]
},
"run.GOrilla":
{
	"inputs":
	[		
        {"name":"genelist", "kind":"required", "type":["string","vector"]}
	]
},
"sc_cluster_x":
{
	"inputs":
	[		
        {"name":"X", "kind":"required", "type":"numeric"},
        {"name":"k","kind":"required","type":["numeric","choices=[3,6,9]"]},
        {"name":"type", "kind":"namevalue", "type":"choices={'simlr','soptsc','sc3'}"}
	]
},
"sc_marker":
{
	"inputs":
	[		
        {"name":"X", "kind":"required", "type":"numeric"},
        {"name":"genelist", "kind":"required", "type":["string","vector"]},
        {"name":"c", "kind":"required", "type":"numeric"},
        {"name":"type", "kind":"namevalue", "type":"choices={'soptsc'}"},
        {"name":"numofmarkers", "kind":"namevalue", "numofmarkers":"choices={'soptsc'}"},
        {"name":"plotit", "kind":"namevalue", "type":["logical","scalar"],"purpose":"Option"}
	]
},
"run.PHATE":
{
	"inputs":
	[		
        {"name":"X", "kind":"required", "type":["numeric"]},
        {"name":"ndim", "kind":"positional", "type":["numeric", "choices={2,3}"]},        
        {"name":"plotit", "kind":"positional", "type":["logical","scalar"],"purpose":"plotit"},
        {"name":"bygene", "kind":"positional", "type":["logical","scalar"],"purpose":"bygene"},
        {"name":"genelist", "kind":"positional", "type":["string","vector"]}
	]
},
"sc_trajectory":
{
	"inputs":
	[		
        {"name":"X", "kind":"required", "type":"numeric"},
        {"name":"type", "kind":"namevalue", "type":"choices={'splinefit','tscan'}"},
        {"name":"plotit", "kind":"namevalue", "type":["logical","scalar"],"purpose":"Option"}
	]
},
"sc_pcnet":
{
	"inputs":
	[		
        {"name":"X", "kind":"required", "type":"numeric"},
        {"name":"ncom", "kind":"positional", "type":"choices={3,5,7,9}"},
        {"name":"fastersvd", "kind":"positional", "type":["logical","scalar"],"purpose":"Option"}
	]
},
"ten.sc_pcnetdenoised":
{
	"inputs":
	[		
        {"name":"X", "kind":"required", "type":"numeric"},
        {"name":"nsubsmpl", "kind":"namevalue", "type":["numeric","choices=[10]"]},
        {"name":"csubsmpl", "kind":"namevalue", "type":["numeric","choices=[500]"]},
        {"name":"savegrn", "kind":"namevalue", "type":["logical","scalar"]},
        {"name":"donorm", "kind":"namevalue", "type":["logical","scalar"]}		
	]
},
"ten.sctenifoldknk":
{
	"inputs":
	[		
        {"name":"X", "kind":"required", "type":"numeric"},
        {"name":"genelist", "kind":"required", "type":["string","vector"]},
        {"name":"kogene", "kind":"required", "type":["string","vector"]},
        {"name":"nsubsmpl", "kind":"namevalue", "type":["numeric","choices=[10,20]"]},
        {"name":"csubsmpl", "kind":"namevalue", "type":["numeric","choices=[500]"]},
        {"name":"savegrn", "kind":"namevalue", "type":["logical","scalar"]},
        {"name":"sorttable", "kind":"namevalue", "type":["logical","scalar"]}		
	]
},
"ten.i_ma":
{
	"inputs":
	[
		{"name":"A0", "kind":"required", "type":["numeric","square","size=N,N"]},
        {"name":"A1", "kind":"required", "type":["numeric","square","size=N,N"]},
        {"name":"ndim", "kind":"positional", "type":["numeric","scalar","choices=[30,50]"]}
	]
},
"ten.e_fgsearun":
{
	"inputs":
	[
		{"name":"T", "kind":"required", "type":["table"]},
        {"name":"rmribo","kind":"positional","type":["logical","scalar"]},
        {"name":"dbfile","kind":"positional","type":["string","char","choices={'all','bp','mf'}"]}
	]
},
"ten.e_fgseanet":
{
	"inputs":
	[
		{"name":"T", "kind":"required", "type":["table"]},
        {"name":"JaccardCutoff", "kind":"namevalue", "type":["scalar"],"purpose":"Option"},
        {"name":"PlotNetwork", "kind":"namevalue", "type":["logical","scalar"],"purpose":"Option"},
        {"name":"ShowNotepad", "kind":"namevalue", "type":["logical","scalar"],"purpose":"Option"}
	]
},
"ten.sctenifoldnet":
{
	"inputs":
	[
		{"name":"X0", "kind":"required", "type":"numeric"},
        {"name":"X1", "kind":"required", "type":"numeric"},
        {"name":"genelist", "kind":"required", "type":["string","vector"]},
        {"name":"donorm", "kind":"namevalue", "type":["logical","scalar"]},
        {"name":"qqplot", "kind":"namevalue", "type":["logical","scalar"],"purpose":"Option"},
        {"name":"smplmethod", "kind":"namevalue","type":["string", "choices={'Jackknife','Bootstrap'}"],"purpose":"Option"},
        {"name":"nsubsmpl", "kind":"namevalue", "type":["scalar", "choices={10,20}"],"purpose":"nsubsmpl"},
        {"name":"csubsmpl", "kind":"namevalue", "type":["scalar", "choices={500}"],"purpose":"csubsmpl"},
        {"name":"tdmethod", "kind":"namevalue","type":["string", "choices={'CP','Tucker'}"],"purpose":"tdmethod"},
        {"name":"savegrn", "kind":"namevalue", "type":["logical","scalar"]}
	]
},
"sc_pcnetpar":
{
	"inputs":
	[		
        {"name":"X", "kind":"required", "type":"numeric"},
        {"name":"ncom", "kind":"positional", "type":"choices={3,5,7,9}"},
        {"name":"fastersvd", "kind":"positional", "type":["logical","scalar"],"purpose":"fastersvd"}
	]
},
"sc_qcfilter":
{
	"inputs":
	[
	{"name":"X", "kind":"required", "type":["numeric"]},
    {"name":"genelist", "kind":"required", "type":["string","vector"]},
    {"name":"libsize", "kind":"positional", "type":["numeric", "choices={1000,2000}"], "purpose":"libsize"},
    {"name":"mtratio", "kind":"positional", "type":["numeric", "choices={0.10,0.15}"], "purpose":"mtratio"},
    {"name":"min_cells_nonzero", "kind":"positional", "type":["numeric", "choices={0.05}"], "purpose":"min_cells_nonzero"}
	]
},
"sc_tsne":
{
	"inputs":
	[		
        {"name":"X", "kind":"required", "type":["numeric"]},
        {"name":"ndim", "kind":"positional", "type":["numeric", "choices={2,3}", "size=1,1"]},        
        {"name":"plotit", "kind":"positional", "type":["logical","scalar"],"purpose":"plotit"},
        {"name":"donorm", "kind":"positional", "type":["logical","scalar"],"purpose":"donorm"},
        {"name":"dolog1p", "kind":"positional", "type":["logical","scalar"],"purpose":"dolog1p"},
        {"name":"bygene", "kind":"positional", "type":["logical","scalar"],"purpose":"bygene"},
        {"name":"genelist", "kind":"positional", "type":["string","vector"]}
	]
},
"run.UMAP":
{
	"inputs":
	[		
        {"name":"X", "kind":"required", "type":["numeric"]},
        {"name":"plotit", "kind":"positional", "type":["logical","scalar"],"purpose":"plotit"}        
	]
},
"run.MAST":
    {
        "inputs":
        [
            {"name":"X", "kind":"required", "type":[["double"], ["single"]]},
            {"name":"Y", "kind":"required", "type":[["double"], ["single"]]},
            {"name":"genelist", "kind":"positional", "type":["string","vector"]}
        ]
    },
"sc_celltypeexplorer":
{
	"inputs":
	[
        {"name":"X", "kind":"required", "type":["numeric"]},
        {"name":"genelist", "kind":"required", "type":["string","vector"]},
        {"name":"s", "kind":"required", "type":[["numeric", "size=:,3"],["numeric", "size=3,:"],["numeric", "size=:,2"],["numeric", "size=2,:"]]},
		{"name":"species", "kind":"namevalue","type":["char", "choices={'human','mouse'}"]},
        {"name":"organ", "kind":"namevalue","type":["char", "choices={'all','heart','immunesystem','brain','pancreas'}"]},
        {"name":"method", "kind":"namevalue","type":["char", "choices={'alona','singler'}"]}
	]
},
"sc_celltypeexplorer_auto":
{
	"inputs":
	[
        {"name":"X", "kind":"required", "type":["numeric"]},
        {"name":"genelist", "kind":"required", "type":["string","vector"]},
        {"name":"s", "kind":"required", "type":[["numeric", "size=:,3"],["numeric", "size=3,:"],["numeric", "size=:,2"],["numeric", "size=2,:"]]},        
        {"name":"k", "kind":"namevalue", "type":["numeric","choices=[3,6,9]"]},
		{"name":"species", "kind":"namevalue","type":["char", "choices={'human','mouse'}"]},
        {"name":"organ", "kind":"namevalue","type":["char", "choices={'all','heart','immunesystem','brain','pancreas'}"]},
        {"name":"method", "kind":"namevalue","type":["char", "choices={'alona','singler'}"]}
	]
},
"sc_markerexplorer":
{
	"inputs":
	[
        {"name":"X", "kind":"required", "type":["numeric"]},
        {"name":"genelist", "kind":"required", "type":["string","vector"]},
        {"name":"s", "kind":"required", "type":[["numeric", "size=:,3"],["numeric", "size=3,:"],["numeric", "size=:,2"],["numeric", "size=2,:"]]},
        {"name":"numfig", "kind":"namevalue","type":["numeric","choices=[1,2,3]"]},
        {"name":"method", "kind":"namevalue","type":["char", "choices={'ttest','mast'}"]}
	]
},
"sc_scattermarker":
{
	"inputs":
	[
        {"name":"X", "kind":"required", "type":["numeric"]},
        {"name":"genelist", "kind":"required", "type":["string","vector"]},
        {"name":"g", "kind":"required", "type":["string","choices={'gene'}"]},
        {"name":"s", "kind":"required", "type":[["numeric", "size=:,3"],["numeric", "size=3,:"],["numeric", "size=:,2"],["numeric", "size=2,:"]]},
        {"name":"methodid", "kind":"positional", "type":["scalar","choices=[1,2,3]"]},
        {"name":"sz", "kind":"positional", "type":["scalar","choices=[5,10]"]}
	]
},

"sc_markerscatter":
{
	"inputs":
	[
        {"name":"X", "kind":"required", "type":["numeric"]},
        {"name":"genelist", "kind":"required", "type":["string","vector"]},
        {"name":"g", "kind":"required", "type":["string","choices={'gene'}"]},
        {"name":"s", "kind":"required", "type":[["numeric", "size=:,3"],["numeric", "size=3,:"],["numeric", "size=:,2"],["numeric", "size=2,:"]]},
        {"name":"methodid", "kind":"positional", "type":["scalar","choices=[1,2,3]"]},
        {"name":"sz", "kind":"positional", "type":["scalar","choices=[5,10]"]}
	]
},
"sc_celltypecaller":
{
	"inputs":
	[
        {"name":"X", "kind":"required", "type":["numeric"]},
        {"name":"genelist", "kind":"required", "type":["string","vector"]},
        {"name":"clusterid", "kind":"required", "type":["numeric"]},
		{"name":"species", "kind":"namevalue","type":["char", "choices={'human','mouse'}"]},
        {"name":"organ", "kind":"namevalue","type":["char", "choices={'all','heart','immunesystem','brain','pancreas'}"]}
	]
},
"sc_qcfilter2":
{
	"inputs":
	[
        {"name":"X", "kind":"required", "type":["numeric"]},
        {"name":"genelist", "kind":"required", "type":["string","vector"]},
		{"name":"libsize", "kind":"namevalue","type":["scalar","choices=[1000,2000]"]},
		{"name":"mtratio", "kind":"namevalue","type":["scalar","choices=[0.1,0.15]"]},
        {"name":"dropout", "kind":"namevalue","type":["scalar","choices=[0.01,0.05]"]},
        {"name":"min_cells_nonzero", "kind":"namevalue","type":["scalar","choices=[0.01,0.05]"]},
        {"name":"removemtgenes", "kind":"namevalue", "type":["logical","scalar"]}
	]
}
}